epoch,step,test/accuracy,test/auroc,test/f1
0,0,0.7416173815727234,0.8390398025512695,0.724960207939148
